G:\Research\Morphology\Photos\Phoxinus\ob-altay_Kubardu_RU_25\png\img_042714.png;G:\Research\Morphology\Photos\Phoxinus\ob-altay_Kubardu_RU_25\png\img_042714.csv;ob-altay_Kubardu_RU_25
G:\Research\Morphology\Photos\Phoxinus\arctic-eur_isetensis-Kipshenga_RU_25\png\img_0021048.png;G:\Research\Morphology\Photos\Phoxinus\arctic-eur_isetensis-Kipshenga_RU_25\png\img_0021048.csv;arctic-eur_isetensis-Kipshenga_RU_25
G:\Research\Morphology\Photos\Phoxinus\balkh-alakol_Ayagoz_KZ_25\png\img_001415.png;G:\Research\Morphology\Photos\Phoxinus\balkh-alakol_Ayagoz_KZ_25\png\img_001415.csv;balkh-alakol_Ayagoz_KZ_25
G:\Research\Morphology\Photos\Phoxinus\ob-altay_Kamenka_RU_25\png\img_026775.png;G:\Research\Morphology\Photos\Phoxinus\ob-altay_Kamenka_RU_25\png\img_026775.csv;ob-altay_Kamenka_RU_25
G:\Research\Morphology\Photos\Phoxinus\ob-altay_Chaganka_RU_25\png\img_034706.png;G:\Research\Morphology\Photos\Phoxinus\ob-altay_Chaganka_RU_25\png\img_034706.csv;ob-altay_Chaganka_RU_25
G:\Research\Morphology\Photos\Phoxinus\turk-west_abanticus-Abant_TR_25\png\img_052801.png;G:\Research\Morphology\Photos\Phoxinus\turk-west_abanticus-Abant_TR_25\png\img_052801.csv;turk-west_abanticus-Abant_TR_25
G:\Research\Morphology\Photos\Phoxinus\balkh-alakol_Lepsy_KZ_25\png\img_010682.png;G:\Research\Morphology\Photos\Phoxinus\balkh-alakol_Lepsy_KZ_25\png\img_010682.csv;balkh-alakol_Lepsy_KZ_25
G:\Research\Morphology\Photos\Phoxinus\balkh-alakol_Karakol_KZ_25\png\img_024612.png;G:\Research\Morphology\Photos\Phoxinus\balkh-alakol_Karakol_KZ_25\png\img_024612.csv;balkh-alakol_Karakol_KZ_25
G:\Research\Morphology\Photos\Phoxinus\balkh-alakol_Ayagoz_KZ_25\png\img_011425.png;G:\Research\Morphology\Photos\Phoxinus\balkh-alakol_Ayagoz_KZ_25\png\img_011425.csv;balkh-alakol_Ayagoz_KZ_25
G:\Research\Morphology\Photos\Phoxinus\turk-west_abanticus-Abant_TR_25\png\img_046795.png;G:\Research\Morphology\Photos\Phoxinus\turk-west_abanticus-Abant_TR_25\png\img_046795.csv;turk-west_abanticus-Abant_TR_25
G:\Research\Morphology\Photos\Phoxinus\ob-altay_Chaganka_RU_25\png\img_031703.png;G:\Research\Morphology\Photos\Phoxinus\ob-altay_Chaganka_RU_25\png\img_031703.csv;ob-altay_Chaganka_RU_25
G:\Research\Morphology\Photos\Phoxinus\ob-altay_Chaganka_RU_25\png\img_028700.png;G:\Research\Morphology\Photos\Phoxinus\ob-altay_Chaganka_RU_25\png\img_028700.csv;ob-altay_Chaganka_RU_25
G:\Research\Morphology\Photos\Phoxinus\ob-altay_Kubardu_RU_25\png\img_041713.png;G:\Research\Morphology\Photos\Phoxinus\ob-altay_Kubardu_RU_25\png\img_041713.csv;ob-altay_Kubardu_RU_25
G:\Research\Morphology\Photos\Phoxinus\ob-altay_Kamenka_RU_25\png\img_032781.png;G:\Research\Morphology\Photos\Phoxinus\ob-altay_Kamenka_RU_25\png\img_032781.csv;ob-altay_Kamenka_RU_25
G:\Research\Morphology\Photos\Phoxinus\turk-west_abanticus-Abant_TR_25\png\img_055804.png;G:\Research\Morphology\Photos\Phoxinus\turk-west_abanticus-Abant_TR_25\png\img_055804.csv;turk-west_abanticus-Abant_TR_25
G:\Research\Morphology\Photos\Phoxinus\balkh-alakol_Lepsy_KZ_25\png\img_004676.png;G:\Research\Morphology\Photos\Phoxinus\balkh-alakol_Lepsy_KZ_25\png\img_004676.csv;balkh-alakol_Lepsy_KZ_25
G:\Research\Morphology\Photos\Phoxinus\ob-altay_Kubardu_RU_25\png\img_044716.png;G:\Research\Morphology\Photos\Phoxinus\ob-altay_Kubardu_RU_25\png\img_044716.csv;ob-altay_Kubardu_RU_25
G:\Research\Morphology\Photos\Phoxinus\balkh-alakol_Ayagoz_KZ_25\png\img_014428.png;G:\Research\Morphology\Photos\Phoxinus\balkh-alakol_Ayagoz_KZ_25\png\img_014428.csv;balkh-alakol_Ayagoz_KZ_25
G:\Research\Morphology\Photos\Phoxinus\baltsea-east_isetensis-Sitnya_RU_25\png\img_033923.png;G:\Research\Morphology\Photos\Phoxinus\baltsea-east_isetensis-Sitnya_RU_25\png\img_033923.csv;baltsea-east_isetensis-Sitnya_RU_25
